ticker,fiscal_year_end,revenue,ebitda,ebit,interest_expense,total_debt,cash_and_equivalents,current_assets,current_liabilities,inventory,stockholders_equity,operating_cash_flow,capital_expenditure
MSFT,2026-06-30,331839000000.0,207519000000.0,168985000000.0,3051000000.0,56826000000.0,20935000000.0,207710000000.0,168825000000.0,1397000000.0,442387000000.0,182935000000.0,-115948000000.0
MSFT,2025-06-30,281724000000.0,155445000000.0,126012000000.0,2385000000.0,60588000000.0,30242000000.0,191131000000.0,141218000000.0,938000000.0,343479000000.0,136162000000.0,-64551000000.0
MSFT,2024-06-30,245122000000.0,131680000000.0,110722000000.0,2935000000.0,67127000000.0,18315000000.0,159734000000.0,125286000000.0,1246000000.0,268477000000.0,118548000000.0,-44477000000.0
MSFT,2023-06-30,211915000000.0,105140000000.0,91279000000.0,1968000000.0,59965000000.0,34704000000.0,184257000000.0,104149000000.0,2500000000.0,206223000000.0,87582000000.0,-28107000000.0
COST,2025-08-31,275235000000.0,13398000000.0,10972000000.0,154000000.0,8173000000.0,14161000000.0,38380000000.0,37108000000.0,18116000000.0,29164000000.0,13335000000.0,-5498000000.0
COST,2024-08-31,254453000000.0,12146000000.0,9909000000.0,169000000.0,8169000000.0,9906000000.0,34246000000.0,35464000000.0,18647000000.0,23622000000.0,11339000000.0,-4710000000.0
COST,2023-08-31,242290000000.0,10724000000.0,8647000000.0,160000000.0,8884000000.0,13700000000.0,35879000000.0,33583000000.0,16651000000.0,25058000000.0,11068000000.0,-4323000000.0
COST,2022-08-31,226954000000.0,9898000000.0,7998000000.0,158000000.0,9039000000.0,10203000000.0,32696000000.0,31998000000.0,17907000000.0,20642000000.0,7392000000.0,-3891000000.0
JNJ,2025-12-31,94193000000.0,41055000000.0,33552000000.0,971000000.0,47933000000.0,19709000000.0,55624000000.0,54126000000.0,14191000000.0,81544000000.0,24530000000.0,-5217000000.0
JNJ,2024-12-31,88821000000.0,24781000000.0,17442000000.0,755000000.0,36634000000.0,24105000000.0,55893000000.0,50321000000.0,12444000000.0,71490000000.0,24266000000.0,-6207000000.0
JNJ,2023-12-31,85159000000.0,23320000000.0,15834000000.0,772000000.0,29332000000.0,21859000000.0,53495000000.0,46282000000.0,11181000000.0,68774000000.0,22791000000.0,-5013000000.0
JNJ,2022-12-31,79990000000.0,26605000000.0,19635000000.0,276000000.0,39642000000.0,12889000000.0,55294000000.0,55802000000.0,10268000000.0,76804000000.0,21194000000.0,-4009000000.0
SBUX,2025-09-30,37184400000.0,4821400000.0,3049900000.0,542600000.0,26611500000.0,3219800000.0,7382300000.0,10210400000.0,2185600000.0,-8096600000.0,4747500000.0,-2305500000.0
SBUX,2024-09-30,36176200000.0,7124000000.0,5531600000.0,562000000.0,25803100000.0,3286200000.0,6847400000.0,9070000000.0,1777300000.0,-7448900000.0,6095600000.0,-2777500000.0
SBUX,2023-09-30,35975600000.0,7402300000.0,5952000000.0,550100000.0,24599800000.0,3551500000.0,7303400000.0,9345300000.0,1806400000.0,-7994800000.0,6008700000.0,-2333600000.0
SBUX,2022-09-30,32250300000.0,6244200000.0,4714800000.0,482900000.0,23804800000.0,2818400000.0,7018700000.0,9151800000.0,2176600000.0,-8706600000.0,4397300000.0,-1841300000.0
HD,2026-01-31,164683000000.0,25135000000.0,21014000000.0,2412000000.0,65350000000.0,1389000000.0,34391000000.0,32424000000.0,25817000000.0,12813000000.0,16325000000.0,-3679000000.0
HD,2025-01-31,159514000000.0,25488000000.0,21727000000.0,2321000000.0,62290000000.0,1659000000.0,31683000000.0,28661000000.0,23451000000.0,6640000000.0,19810000000.0,-3485000000.0
HD,2024-01-31,152669000000.0,25114000000.0,21867000000.0,1943000000.0,52243000000.0,3760000000.0,29775000000.0,22015000000.0,20976000000.0,1044000000.0,21172000000.0,-3226000000.0
HD,2023-01-31,157403000000.0,27069000000.0,24094000000.0,1617000000.0,50364000000.0,2757000000.0,32471000000.0,23110000000.0,24886000000.0,1562000000.0,14615000000.0,-3119000000.0
OXY,2025-12-31,21593000000.0,11664000000.0,4131000000.0,1079000000.0,23351000000.0,1968000000.0,8827000000.0,9428000000.0,1823000000.0,36034000000.0,10532000000.0,-6427000000.0
OXY,2024-12-31,22019000000.0,11385000000.0,4434000000.0,1169000000.0,26920000000.0,2125000000.0,9070000000.0,9521000000.0,1756000000.0,34159000000.0,11439000000.0,-6263000000.0
OXY,2023-12-31,23156000000.0,11642000000.0,5193000000.0,957000000.0,20911000000.0,1426000000.0,8375000000.0,9148000000.0,2022000000.0,30250000000.0,12308000000.0,-5696000000.0
OXY,2022-12-31,36634000000.0,22073000000.0,15147000000.0,1030000000.0,20765000000.0,984000000.0,8886000000.0,7757000000.0,2059000000.0,30085000000.0,16810000000.0,-4497000000.0
F,2025-12-31,187267000000.0,3638000000.0,-10497000000.0,1333000000.0,165738000000.0,23356000000.0,123487000000.0,114890000000.0,15285000000.0,35952000000.0,21282000000.0,-8815000000.0
F,2024-12-31,184992000000.0,14236000000.0,8369000000.0,1136000000.0,160862000000.0,22935000000.0,124474000000.0,106859000000.0,14951000000.0,44835000000.0,15423000000.0,-8684000000.0
F,2023-12-31,176191000000.0,11808000000.0,5285000000.0,1318000000.0,151107000000.0,24862000000.0,121481000000.0,101531000000.0,15651000000.0,42773000000.0,14918000000.0,-8236000000.0
F,2022-12-31,158057000000.0,4759000000.0,-1734000000.0,1282000000.0,140474000000.0,25134000000.0,116476000000.0,96866000000.0,14080000000.0,43242000000.0,6853000000.0,-6866000000.0
CCL,2025-11-30,26621000000.0,6911000000.0,4121000000.0,1349000000.0,27993000000.0,1928000000.0,4219000000.0,13092000000.0,505000000.0,12284000000.0,6218000000.0,-3611000000.0
CCL,2024-11-30,25021000000.0,6227000000.0,3670000000.0,1755000000.0,28876000000.0,1210000000.0,3378000000.0,11617000000.0,507000000.0,9252000000.0,5923000000.0,-4626000000.0
CCL,2023-11-30,21593000000.0,4374000000.0,2004000000.0,2066000000.0,31891000000.0,2415000000.0,5266000000.0,11481000000.0,528000000.0,6883000000.0,4281000000.0,-3284000000.0
CCL,2022-11-30,12169000000.0,-2196000000.0,-4471000000.0,1609000000.0,35881000000.0,4029000000.0,7492000000.0,10605000000.0,428000000.0,7064000000.0,-1670000000.0,-4940000000.0
AAL,2025-12-31,54633000000.0,4125000000.0,1906000000.0,1716000000.0,36884000000.0,954000000.0,12205000000.0,24492000000.0,2792000000.0,-3727000000.0,3099000000.0,-3779000000.0
AAL,2024-12-31,54211000000.0,5333000000.0,3088000000.0,1934000000.0,37618000000.0,804000000.0,13154000000.0,24295000000.0,2638000000.0,-3977000000.0,3983000000.0,-2683000000.0
AAL,2023-12-31,52788000000.0,5520000000.0,3266000000.0,2145000000.0,40663000000.0,578000000.0,13572000000.0,22062000000.0,2400000000.0,-5202000000.0,3803000000.0,-2596000000.0
AAL,2022-12-31,48971000000.0,4446000000.0,2148000000.0,1962000000.0,43688000000.0,440000000.0,15269000000.0,21496000000.0,2279000000.0,-5799000000.0,2173000000.0,-2546000000.0
AMC,2025-12-31,4848900000.0,215700000.0,-97700000.0,530200000.0,8136000000.0,428500000.0,730500000.0,1772300000.0,42600000.0,-1894800000.0,-119800000.0,-246100000.0
AMC,2024-12-31,4637200000.0,412700000.0,93200000.0,443700000.0,8276900000.0,632300000.0,947200000.0,1744800000.0,51200000.0,-1760500000.0,-50800000.0,-245500000.0
AMC,2023-12-31,4812600000.0,383000000.0,18000000.0,411200000.0,9142300000.0,884300000.0,1203100000.0,1632400000.0,39500000.0,-1847900000.0,-215200000.0,-229600000.0
AMC,2022-12-31,3911400000.0,-196400000.0,-592400000.0,378700000.0,10019600000.0,631500000.0,902100000.0,1690300000.0,36400000.0,-2624500000.0,-628500000.0,-219800000.0
